token,count
assertequ,850
job,550
creat,492
add,471
servic,466
action,453
asserttru,426
conf,411
tabl,408
start,406
util,394
statu,369
fail,352
oo,348
file,339
record,325
xml,322
execut,317
call,314
coord,309
getid,294
name,289
coordin,287
time,282
data,279
workflow,272
fs,267
assertnotnul,264
wait,262
path,260
system,254
id,253
end,251
case,248
dir,248
filesystem,248
zie,246
run,244
check,244
client,243
node,237
assert,234
pars,222
tostr,222
size,220
valu,217
list,217
wf,215
user,214
close,212
jp,201
date,201
app,200
contain,185
write,184
properti,182
new,181
build,181
error,178
expect,177
code,175
cluster,171
getnam,168
e,162
assertfals,159
info,158
key,157
one,156
type,156
instanc,154
num,153
url,149
uri,148
configur,145
shutdown,145
evalu,144
current,141
except,135
delet,135
executor,131
jobid,131
df,130
messag,129
cmd,129
server,128
class,128
sleep,128
connect,128
map,127
thread,126
b,126
z,125
constant,124
array,124
next,122
long,120
block,117
x,116
log,116
enabl,116
submit,114
request,113
runtest,112
destroy,112
updat,110
default,110
c,110
getconf,109
ziet,108
manag,106
respons,106
exist,105
equal,104
insert,104
mkdir,104
count,104
mock,102
config,102
verifi,102
bundl,101
header,101
open,100
stream,100
row,97
base,97
string,96
local,95
secur,94
rest,94
read,92
event,92
ha,90
kill,90
context,87
byte,86
session,86
content,85
group,85
input,82
engin,82
random,82
templat,80
singl,80
first,79
success,79
hdf,78
simpl,78
printstacktrac,78
command,77
make,76
servlet,75
put,75
h,74
given,74
valid,74
assertnul,74
thi,73
script,72
activ,72
getcontext,71
two,71
int,70
output,69
foo,69
join,69
outil,69
el,67
function,67
entiti,67
succeed,65
select,65
unit,64
arg,64
f,64
null,63
true,62
timeout,62
receiv,62
result,59
work,59
initi,58
endpoint,58
last,58
miss,57
transit,57
boolean,57
setup,57
writer,57
month,56
stop,56
immut,56
method,56
milli,55
def,55
store,54
tracker,54
dag,54
copi,54
play,54
reset,54
faction,53
db,52
runnabl,52
cach,52
conn,52
child,52
appnam,52
tow,51
usernam,51
reader,51
nt,51
format,51
tmp,50
json,50
use,50
fals,49
empti,49
cql,49
back,49
rerun,49
xmln,48
depend,48
onli,48
day,48
localhost,48
token,48
ae,48
wa,48
send,47
addnod,47
param,47
ex,47
utc,46
hcat,46
append,46
httpservletrespons,46
take,46
eq,46
number,45
state,45
region,44
actual,44
directori,44
column,44
flush,44
schema,44
complet,43
eval,43
queue,43
dataset,43
remov,43
dummi,43
5,43
accept,43
filter,42
increment,42
launcher,42
getvalu,42
field,42
getresourc,42
getpath,42
oop,42
admin,41
wrap,41
str,41
modifi,41
return,40
locat,40
failur,40
gener,40
root,40
invalid,40
sure,40
purg,39
address,39
handler,39
replic,39
length,39
pend,39
j,39
frequenc,38
java,38
abc,38
creation,38
suspend,38
extern,38
concurr,38
ani,38
reduc,38
bodi,38
jm,37
control,37
prepar,37
dsl,37
integ,37
topic,37
port,37
20090201t0100z,36
entri,36
mapper,36
ok,36
getinputstream,36
max,36
host,36
befor,35
parent,35
w,35
enqueu,35
famili,35
resourc,35
timezon,34
plu,34
expr,34
year,34
0000000,34
writefil,34
second,34
10,33
invok,33
char,33
throw,33
replica,33
jpa,32
multipl,32
main,32
jar,32
proxi,32
doe,31
tablenam,31
cleanup,31
three,31
becaus,31
consum,31
regist,31
done,30
index,30
ensur,30
support,30
nn,30
callabl,30
proto,30
sub,29
chang,29
lock,29
resolv,29
org,29
lib,29
paus,29
geturl,29
commit,29
exec,29
la,29
found,28
auth,28
setproperti,28
exclud,28
version,28
lfo,28
wapp,28
nomin,28
parser,28
fork,28
collect,28
report,28
frame,28
bar,28
sc,27
latest,27
crud,27
http,27
qualifi,27
scan,27
inform,27
r,27
clear,27
peer,27
recoveri,27
paramet,26
7,26
wc,26
storag,26
bulk,25
partit,25
order,25
await,25
buffer,25
signal,25
match,25
addr,25
geturi,25
substr,24
os,24
dn,24
full,24
non,24
mr,24
tour,24
tag,24
01,24
mode,24
interv,24
remot,24
timestamp,23
setvari,23
unexpect,23
len,23
permiss,23
listen,23
per,23
filenam,23
sourc,23
sla,23
exit,23
externalid,23
target,23
p,23
allow,22
avail,22
process,22
apach,22
testdir,22
rpc,22
getstr,22
applic,22
tri,22
trigger,22
counter,22
pass,22
02,21
due,21
replac,21
lifo,21
dat,21
bad,21
could,21
coordrerunaction1xml,21
begin,21
short,21
stat,21
print,21
find,21
retri,20
interrupt,20
ie,20
origin,20
scanner,20
consist,20
post,20
disabl,20
containskey,20
dep,20
android,20
caus,19
countri,19
oper,19
us,19
rang,19
access,19
factori,19
k,19
sinc,19
space,19
12,19
differ,19
leas,19
job1,19
handl,19
got,19
corrupt,19
v1,19
condit,19
spdy3,19
move,19
still,19
pool,19
20090203t2359z,18
provid,18
txt,18
stm,18
finish,18
filesi,18
meta,18
level,18
stage,18
skip,18
banana,18
syn,18
shell,18
com,18
6,18
ret,18
retriev,17
latch,17
futur,17
countdown,17
basic,17
option,17
20110101t0100z,17
simul,17
neg,17
exactli,17
element,17
loglevel,17
utf8,17
getconnect,17
anoth,17
four,17
iter,17
nonexist,17
serial,17
expir,17
queri,17
ext,17
heartbeat,17
includ,17
je,16
alloc,16
catch,16
n,16
namespac,16
de,16
author,16
polici,16
repli,16
kv,16
without,16
trx,16
eventlisten,16
wfappname1,16
caid1,16
xlog,16
attempt,16
sync,16
restart,16
20091215t0100z,16
notif,16
limit,16
var,15
blah,15
init,15
specifi,15
redirect,15
persist,15
files,15
old,15
absolut,15
compar,15
argument,15
split,15
debug,15
warn,15
prefix,15
23,15
ping,15
f2,15
enter,15
ad,15
f1,15
bean,15
gettyp,15
ioe,15
ugi,15
repl,15
id1,15
total,15
popul,14
swap,14
hour,14
prep,14
tz,14
alreadi,14
catalog,14
load,14
encount,14
dir1,14
checker,14
resum,14
parentid,14
line,14
async,14
pdm,14
mini,14
good,14
val,14
socket,14
roll,14
refresh,14
src,14
setid,14
ls,14
rm,14
factor,14
failov,14
abcd,14
ninja,13
browser,13
see,13
delay,13
prop,13
requir,13
checksum,13
real,13
l1,13
normal,13
driver,13
red,13
setparamet,13
period,13
posit,13
task,13
edit,13
getbyt,13
featur,13
pretti,13
mani,13
children,13
inst,13
protocol,13
inject,13
xmlstring,13
safe,13
setnam,13
100,13
job2,13
ito,13
model,13
getinst,13
u,13
someth,13
scope,13
op,13
wrong,13
static,13
minut,12
drop,12
usa,12
brazil,12
un,12
text,12
summari,12
save,12
desc,12
mimetyp,12
refer,12
must,12
exampl,12
master,12
push,12
20,12
schedul,12
jobid1,12
correct,12
uncheck,12
ce,12
uniqu,12
a2,12
a1,12
wfe,12
rack,12
ns,12
yarn,12
authent,11
dt20120430,11
msg,11
l2,11
sb,11
object,11
col,11
convert,11
freq,11
offset,11
mater,11
20120722t0000z,11
ipc,11
imag,11
pattern,11
archiv,11
quorum,11
durat,11
variant,11
coordjob1,11
incorrect,11
flag,11
need,11
helper,11
cell,11
ignor,11
uuid,11
item,11
like,11
wfid1,11
yet,11
id2,11
rack1,11
scheme,11
min,11
variabl,10
subw,10
aa,10
transact,10
superus,10
trim,10
thrown,10
distribut,10
er,10
decis,10
poll,10
final,10
defin,10
runner,10
core,10
releas,10
v0,10
give,10
none,10
renam,10
idl,10
ascii,10
backward,10
fault,10
deactiv,10
bb,10
transient,10
wp,10
coordjob2,10
v1job,10
api,10
io,10
sd,10
custom,10
bla,10
rootdir,10
ip,10
hostnam,10
adapt,10
getconfig,10
definit,9
lookup,9
hashmap,9
println,9
millisecond,9
click,9
unresolv,9
hcatservercom5080mydb,9
pig,9
fix,9
04,9
never,9
row1,9
abl,9
strategi,9
readfil,9
actionev,9
chmod,9
reach,9
rs,9
incr,9
immedi,9
five,9
dir2,9
fetch,9
seq,9
reflect,9
view,9
round,9
whether,9
builder,9
page,9
ds,9
registr,9
eh,9
buf,9
pid,9
net,9
c1,9
previou,9
num2,9
num1,9
rack2,9
forc,9
foobar,9
sec,9
top,9
sequenc,9
properli,8
bytebuff,8
channel,8
oz,8
half,8
quota,8
may,8
remain,8
ca,8
getpar,8
newdir,8
20090306t1000z,8
alway,8
gettext,8
tool,8
ms,8
metric,8
enough,8
least,8
getnod,8
schemanam,8
wfaction4,8
wfaction2,8
wfaction5,8
wfaction1,8
wfaction3,8
rollback,8
deleg,8
login,8
via,8
respect,8
binari,8
batch,8
correctli,8
mat,8
deliber,8
stringifi,8
subdir,8
modif,8
curr,8
unknown,8
11,8
getnamespac,8
coordrerunaction2xml,8
hcatservercom5080,8
touch,8
tcp,8
8,8
seek,8
getclass,8
ba,8
common,8
fake,8
spring,8
encod,8
obj,8
dst,8
cl,8
ab,7
logger,7
sdatastamp12,7
queu,7
20090122,7
broker,7
captur,7
libpath,7
global,7
let,7
spi,7
disk,7
a1u,7
a1l,7
err,7
recov,7
callback,7
clean,7
60,7
20090306t1014z,7
actor,7
timer,7
media,7
cae,7
streamer,7
multi,7
xf,7
rwxr,7
sink,7
httpurlconnect,7
present,7
2s,7
runtim,7
unregist,7
idx,7
repositori,7
pair,7
though,7
trip,7
ee,7
env,7
app1,7
dispatch,7
calendar,7
confdir,7
grab,7
matcher,7
addcolumn,7
composit,7
wo,7
temporari,7
ioexcept,7
datadir,7
b1,7
statement,7
extens,7
classload,7
extra,7
follow,7
startup,7
window,7
decommiss,7
live,7
getoutputstream,7
classpath,7
alert,7
owner,7
dure,7
inherit,7
memori,7
increas,7
1xml,7
rst,7
readi,6
threadpool,6
20090216t2359,6
20090215t2359,6
pick,6
30,6
20090212,6
20090108,6
resolut,6
activemq,6
worker,6
9,6
hello,6
capac,6
bab,6
fs2,6
pre,6
mem,6
newer,6
httprespons,6
elaps,6
cajobid1,6
20110711t0000z,6
20090624,6
14200904160239,6
implement,6
loginfo,6
lwt,6
seed,6
stamp,6
20091216t0100z,6
stm1,6
coord1,6
dir200929,6
dir200915,6
dir200908,6
dir200922,6
fc,6
cjb,6
selector,6
sampl,6
wrote,6
cancel,6
keep,6
cal,6
victim,6
1000,6
onc,6
impl,6
pb,6
sort,6
web,6
cassandra,6
onlin,6
blk,6
c2,6
b2,6
reus,6
grace,6
specif,6
20090306t01000z,6
13,6
tree,6
temp,6
sent,6
sm,6
oryx,6
wfjob1,6
se,6
construct,6
rowtwo3,6
cooki,6
mark,6
20090202t2359z,6
belong,6
shut,6
invoc,6
2so,6
libs1,6
libs3,6
libs4,6
libs2,6
libs5,6
1jar,6
rwxrwxrwx,6
200,6
clock,6
threshold,6
wfaction3getcmd,6
wfaction5getcmd,6
wfaction4getcmd,6
wfaction2getcmd,6
wfaction1getcmd,6
would,6
ph1,6
inod,6
produc,6
getresourceasstream,6
math,6
anonym,5
bli,5
uninterrupt,5
dt,5
20090305,5
acquir,5
20090205,5
sy,5
raw,5
connectionfactori,5
jndi,5
incorrectli,5
complex,5
evict,5
calcul,5
termin,5
fs1,5
hashset,5
materi,5
point,5
gethead,5
uber,5
024313958,5
grandchild,5
s1,5
instead,5
hri,5
cat,5
attribut,5
xsi,5
xmlschema,5
wwww3org2001,5
20090101t0000z,5
cab,5
bjb,5
fj,5
wab,5
zero,5
go,5
cola,5
oki,5
wfupdatecmd1,5
getvar,5
sh,5
come,5
trail,5
written,5
g,5
secret,5
xyz,5
f3,5
parallel,5
america,5
20090910t2359z,5
s2,5
met,5
nest,5
intern,5
doesnt,5
gs,5
myapp,5
detail,5
jobid2,5
processor,5
st,5
a2u,5
a2l,5
embed,5
automat,5
bind,5
writabl,5
retval,5
mix,5
j2,5
descriptor,5
20090311t1000z,5
subset,5
elem,5
e2,5
e1,5
getlocalizedmessag,5
self,5
violat,5
across,5
cron,5
fname,5
kickoff,5
assur,5
job2xml,5
separ,5
balanc,5
pipelin,5
20090908t2359z,5
contact,5
rowtwo2,5
rout,5
identifi,5
hcatservercom8020,5
watch,5
instrument,5
continu,5
baz,5
nodeid,5
domain,5
bean2,5
abov,5
gettimestamp,5
bp,5
springframework,5
overrid,5
watcher,5
logic,5
wfjob3,5
coord2,5
wfjob2,5
wfjob5,5
coord3,5
wfjob4,5
chmod2,5
wx,5
chmod1,5
anyth,5
share,5
within,5
acl,5
127001,5
aliv,5
nano,5
gel,5
da,5
left,5
v,5
row2,5
http20draft09,5
public,5
pm,5
ml,5
sum,5
dri,5
annot,5
compon,5
fulli,5
jex,4
otherwis,4
whitespac,4
upload,4
pleas,4
20090215t0100,4
10m,4
20090219,4
aaa,4
xo,4
languag,4
background,4
princip,4
answer,4
proceed,4
getboolean,4
alpha,4
lm,4
els,4
older,4
email,4
trace,4
charset,4
asset,4
right,4
observ,4
closest,4
ref,4
l2317,4
024314505,4
l6323,4
fw,4
l7323,4
sw,4
l1323,4
achil,4
rand,4
publish,4
sink1,4
sink2,4
exc,4
rel,4
folder,4
wr,4
stm2,4
20120721t0000z,4
comput,4
zk,4
wrapper,4
p2,4
symlink,4
throttl,4
lauri,4
wss,4
sla01,4
20090102t0000z,4
tmpcoordus2009131,4
1440,4
becom,4
appli,4
compress,4
compat,4
didnt,4
setvar,4
agent,4
entir,4
part,4
graph,4
progress,4
tx,4
gz,4
20101001t0000z,4
lo,4
angel,4
everyth,4
20090201t0200z,4
job3,4
eventqueu,4
abort,4
gmail,4
bob,4
titl,4
articl,4
six,4
gen,4
diff,4
q,4
mirror,4
leav,4
rw,4
htd,4
known,4
valuetyp,4
consid,4
debuginfo,4
cp,4
connector,4
addit,4
elector,4
03,4
2nd,4
3rd,4
le,4
14,4
rais,4
bring,4
20090129,4
20090202t2359,4
20090201t2359,4
suffici,4
sign,4
pull,4
nocach,4
hr,4
void,4
20090201t0000z,4
dev,4
qacontact,4
doc,4
earli,4
rowone3,4
rowtwo0,4
www,4
revers,4
recent,4
sequenti,4
delta,4
singleton,4
assign,4
nm1,4
unsupport,4
fill,4
calc,4
lower,4
bbb,4
even,4
coordid1,4
confirm,4
perform,4
side,4
journal,4
ith,4
compact,4
dep1,4
coordjob5,4
coordjob3,4
coordjob4,4
methodnam,4
henc,4
correspond,4
therefor,4
probabl,4
22,4
123,4
wfjob3getcmd,4
2getcmd,4
1getcmd,4
wfjob5getcmd,4
wfjob2getcmd,4
wfjob1getcmd,4
3getcmd,4
wfjob4getcmd,4
4getcmd,4
5getcmd,4
recurs,4
js,4
injector,4
health,4
ask,4
express,4
2xml,4
involv,4
fiend,4
super,4
doubl,4
loop,4
low,4
reg,4
show,4
yield,4
squar,4
nm,4
sub1,4
snapshot,4
crc,4
overlay,4
xx,4
ten,4
twenti,4
longer,4
databas,4
dt02,4
2012,4
log4j,4
br,4
satisfi,4
row3,4
maxage60,4
charact,4
tr,4
stack,4
escap,3
thrift,3
getlogg,3
layout,3
dynam,3
com8020java,3
com8020,3
blue,3
sr,3
9000,3
9001,3
dump,3
occur,3
prevent,3
overwrit,3
glob,3
deni,3
pynn,3
layer,3
tell,3
mismatch,3
a0,3
cs,3
reopen,3
downgrad,3
120,3
front,3
aee,3
del,3
interest,3
l4661,3
l5317,3
024319344,3
lr,3
l3539,3
024329151,3
024313986,3
l3b,3
024314431,3
024313961,3
l3,3
l3a,3
rwx,3
appid,3
r1,3
r2,3
verif,3
sdatastamp13,3
maxage0,3
systemid,3
filenum,3
link,3
af,3
coordapp1,3
end20090203t2359z,3
subwfaction1,3
subwfjob1,3
subwfjob5,3
subwfaction5,3
subwfaction2,3
subwfaction3,3
subwfjob3,3
subwfjob2,3
subwfaction4,3
subwfjob4,3
unblock,3
abcdef,3
cjob1,3
coordjobid1,3
coordjobid2,3
notifi,3
visibl,3
propag,3
faster,3
logdir,3
ws,3
credenti,3
regular,3
job4,3
bravo,3
committ,3
say,3
j1,3
45,3
req,3
chunksiz,3
jsp,3
unus,3
describ,3
rr,3
pipe,3
program,3
partial,3
noop,3
20990203t2359z,3
float,3
detect,3
marshal,3
i7,3
fw1,3
sb1,3
merg,3
environ,3
holder,3
tmpcoordus2009130,3
dhc,3
200915,3
200908,3
200929,3
200922,3
upgrad,3
checkpoint,3
osnam,3
rbw,3
20090115,3
chain,3
search,3
stamp12,3
dec,3
subdirectori,3
toler,3
winni,3
pooh,3
bee,3
09,3
noth,3
comma,3
th,3
tear,3
minimum,3
past,3
enum,3
classif,3
rec,3
cur,3
sofileso1,3
so1,3
tar,3
o1,3
ileso1,3
di,3
50,3
l,3
vari,3
rowone2,3
look,3
http11,3
router,3
dashboard,3
kfc,3
getz,3
ident,3
com5080mydbmytblid,3
numitem,3
barbar,3
nm2,3
launch,3
20090201t2359z,3
getcooki,3
e0904,3
bean1,3
cmd2,3
cmd1,3
reli,3
interfer,3
manual,3
bit,3
combin,3
prev,3
dep2,3
2jar,3
gethostnam,3
inetaddress,3
dnr,3
mod,3
dnn0,3
blocklist,3
bc,3
fpath,3
jdbc,3
adjust,3
purpos,3
fast,3
canon,3
coord5,3
coord4,3
al,3
recheck,3
synchron,3
fsck,3
unabl,3
ar,3
leak,3
fs001,3
li,3
bogu,3
cd,3
truncat,3
pst,3
critic,3
si,3
jd,3
percentag,3
gn,3
conf1,3
000,3
speed,3
thirti,3
cron1,3
typeconvert,3
v0job,3
possibl,3
checkpermiss,3
testo,3
dm,3
20151001,3
l4,3
oozielog4j,3
undef,3
small,3
hard,3
larger,3
choos,3
row4,3
20120722t0200z,3
stuff,3
ttl,3
starter,3
boot,3
d1,3
d2,3
site,3
chgrp,3
die,3
nid,3
dt03,3
pathnam,3
du,3
also,3
host1,3
gc,3
ss,3
quot,3
hdp01,3
desir,3
aq,3
centos5,3
ostyp,3
consol,3
bak,3
argv,3
gzip,3
ratio,3
smaller,3
newval,3
xbl,3
assum,3
nomial,3
s20090201,3
introduc,2
lite,2
purgewfwithsubwf3,2
securitymanag,2
html,2
setstr,2
vm,2
javax,2
initialcontext,2
greater,2
room,2
getlength,2
privileg,2
priv,2
restrict,2
acm,2
gr,2
a2n,2
lose,2
home,2
cc,2
mail,2
720,2
20090306t0958z,2
4a,2
oc,2
4b,2
k1,2
4c,2
dxf,2
plain,2
mr003,2
serv,2
e1018,2
area,2
hcaturi2,2
hcaturi1,2
s0,2
inksink1,2
hadoopmetrics2,2
s1rec,2
s0rec,2
mr1,2
inksink2,2
mr2,2
hive,2
sdatastamp10,2
etag,2
hit,2
runtimeexcept,2
jt,2
lang,2
ping2,2
ping4,2
lkj,2
slow,2
dir3,2
stm3,2
jaction1,2
jaction2,2
countercolumn,2
wcsh,2
offer,2
que,2
prepend,2
20090901t0100z,2
20090901t0000z,2
ev,2
vail,2
sampler,2
http2,2
ack,2
peerhttp2,2
wont,2
refus,2
away,2
synstream1,2
synstream2,2
purgewfwithsubwf2,2
ta,2
tb,2
var1val1,2
race,2
synch,2
prior,2
rsrc,2
2048,2
a9kbaaaapsgqaaad0oeaaa,2
aapsgqaaad0oeaaaa9kbaa,2
qyjrhagjmxgxuqaaaaa9kbaa,2
gqaaad0oeaaaa9kbaaaap,2
aaa9kbaaaapsgqaaad0o,2
0oeaaaa9kbaaaapsgqaaad0o,2
aaa9kbaaaapsgqaaad0oeaaa,2
aaaapsgqaaad0oeaaaa9kbaa,2
qaaad0oeaaaa9kbaaaapsgqa,2
aaaapsgqaaad0oeaaaa9,2
aaad0oeaaaa9kbaaaapsgqaa,2
aapsgqaaad0oeaaaa9kbaaaa,2
a9kbaaaapsgqaaad0oeaaaa9,2
deflat,2
aad0oeaaaa9kbaaaapsgq,2
special,2
0oeaaaa9kbaaaapsgqaaad,2
ad0oeaaaa9kbaaaapsgqaaad,2
psgqaaad0oeaaaa9kbaaaap,2
aaad0oeaaaa8,2
eaaaa9kbaaaapsgqaaad0oea,2
sgqaaad0oeaaaa9kbaaaapsg,2
kbaaaapsgqaaad0oeaaaa9kb,2
gamaagaabsaaaabelvjxqfca,2
ck,2
sane,2
throwabl,2
mid,2
ken1,2
renew,2
f6,2
f4,2
f5,2
took,2
sdatastamp20120230,2
28,2
yyyi,2
yyyymmdd,2
metadata,2
ejb,2
20090306t1008z,2
modul,2
ahead,2
setlength,2
hang,2
note,2
payload,2
section,2
urlencod,2
h3,2
scale,2
hftp,2
hashcod,2
ran,2
eeee,2
partition,2
rrm22,2
rrm11,2
pp,2
unfinish,2
packet,2
getobject,2
concur,2
srcdat10,2
unmarsh,2
libx,2
foo2,2
foo3,2
i2,2
epsilon,2
u4,2
recommend,2
span,2
etc,2
dist,2
meh,2
bound,2
wfchildwithsubwf2,2
made,2
im,2
dt20120412,2
might,2
recreat,2
restor,2
destin,2
keepal,2
loc,2
omiss,2
well,2
myfile2,2
instal,2
uninstal,2
charli,2
xxi,2
yzz,2
oomoo,2
syntax,2
po,2
rd,2
requeu,2
nodbnotabledt20120430,2
nqdir32,2
nqdir30,2
nqdir0qdir1qdir21nqdir33,2
nqdir0qdir1qdir20,2
nqdir0qdir1qdir21nqdir32,2
16,2
nqdir0qdir1qdir21,2
nqdir0qdir1,2
quotadir1,2
nqdir33,2
nqdir0qdir1qdir20nqdir30,2
mtime,2
form,2
cross,2
map2,2
pauseunpause1,2
path2,2
jar3jar,2
jar1path,2
jar2path,2
jar2jar,2
jar3path,2
jar1jar,2
redeploy,2
postiv,2
lifetim,2
clientdata,2
abandon,2
death,2
declar,2
corp,2
61616,2
9999f,2
css,2
issu,2
step,2
getchildnod,2
getnodevalu,2
getattribut,2
document,2
one2,2
tf,2
mtf,2
tachyon,2
multimast,2
unset,2
l5,2
fourth,2
realm,2
smock,2
ted,2
wfchildwithsubwf3,2
amount,2
kind,2
lsr,2
standbi,2
warm,2
taken,2
retriv,2
quux,2
containsvalu,2
h1,2
suppos,2
expend,2
exp,2
act,2
g2,2
g3,2
g1,2
wfchildwithsubwf1,2
mdir1,2
1dat,2
dir1test1dat,2
mtime1,2
ownership,2
umask,2
gone,2
job0,2
pretend,2
1a,2
1b,2
cmdline,2
unix,2
fatal,2
conform,2
05,2
border,2
10px,2
radiu,2
bytesread,2
fin,2
illeg,2
700,2
777,2
0000212345b,2
halt,2
row0,2
qual,2
numrow,2
1234465453,2
ny,2
dep4,2
dt20120101,2
duplic,2
dep3,2
1234465454,2
id4,2
1234465451,2
dt20120102,2
id3,2
1234465452,2
mask,2
400,2
numbyt,2
dnn1,2
chksum,2
bl,2
324,2
modtim,2
exceed,2
icc,2
coordinput201007090100,2
errormsg,2
fe,2
33,2
300,2
executeupd,2
2dat,2
replay,2
major,2
flaki,2
blog,2
125,2
log4jo,2
nameservic,2
00000,2
tuple2,2
wfchild3,2
coordjob3getcmd,2
coordjob1getcmd,2
coordjob2getcmd,2
coordjob5getcmd,2
coordjob4getcmd,2
password,2
nodeinfo,2
chmod3,2
approach,2
know,2
libnam,2
3xml,2
4xml,2
512,2
128,2
exit1,2
stateless,2
statist,2
beacus,2
wildcard,2
opt,2
gmt,2
viewer,2
veri,2
explic,2
20090308t0800z,2
24,2
20090101t0800z,2
20091101t0800z,2
25,2
color,2
kerbero,2
20111201t0500z,2
wfchild2,2
disrupt,2
filenotfoundexcept,2
decod,2
wi,2
19,2
parseabl,2
20090910,2
multicel,2
promis,2
slowli,2
slaid,2
dc,2
19700101t0000z,2
ap,2
laid,2
upstream,2
ac,2
qc,2
psi,2
ua,2
disallow,2
10000,2
flight,2
popular,2
actionbar,2
forbidden,2
matrix,2
34,2
parseint,2
yy,2
hyper,2
avg,2
cron2,2
123456789000000010,2
addal,2
256,2
0000000000,2
l8323,2
dash,2
l10323,2
subwfaction1getcmd,2
subwfjob3getcmd,2
subwfaction4getcmd,2
subwfjob1getcmd,2
subwfjob5getcmd,2
subwfjob4getcmd,2
subwfaction5getcmd,2
subwfjob2getcmd,2
subwfaction3getcmd,2
subwfaction2getcmd,2
dt05,2
db1,2
getlog4j,2
configdir,2
coordgetcmd2,2
coordgetcmd1,2
co,2
m2,2
m1,2
seven,2
hierarchi,2
dont,2
lastindexof,2
dot,2
keyset,2
t1,2
t2,2
yyy,2
dest,2
lead,2
chown,2
reptil,2
herbivor,2
indic,2
20090306t1004z,2
cb,2
rack0,2
constructor,2
help,2
suppli,2
job5,2
fnf,2
task2,2
msec,2
rdf,2
categor,2
numer,2
candid,2
backup,2
faul,2
googl,2
host25678,2
4433,2
nm3,2
commis,2
host2,2
host11234,2
overridden,2
bm,2
associ,2
xinclud,2
arch,2
1x,2
chmod1x,2
2x,2
chmod2x,2
blob,2
network,2
regex,2
howev,2
altern,2
hm,2
cool,2
hb,2
hardwar,2
profil,2
role,2
monitor,2
bari,2
hi,2
00001,2
00002,2
e1022,2
arr,2
bjob1,2
rmr,2
world,2
20090101,2
ref1,2
readlin,2
pauseunpause2,2
decom,2
fs007,2
reiniti,2
t10,2
c0,2
t20,2
t30,2
exit0,2
fam,2
fs002,2
age,2
person,2
zee,2
ess,2
userdir,2
prioriti,2
purgecoordwithwfchild3,2
fall,2
earlier,2
dead,2
explicit,2
p1,2
comment,2
inclus,2
purgecoordwithwfchild2,2
setcooki,2
flusher,2
usher,2
submiss,1
reserv,1
enlist,1
depsv2,1
screen,1
plate,1
team,1
jobinfo1,1
p1p2,1
20090809t2359z,1
uriel,1
p1p22009080959,1
p1p2200908092359,1
20120101,1
grid,1
appropri,1
123456,1
1234,1
logmsg,1
prod,1
ctx1,1
20100201t0100z,1
workload,1
maxsiz,1
eo,1
incomplet,1
overwritten,1
occupi,1
nowait,1
leasehold,1
uc,1
nonnul,1
ooziehadoop202,1
workaround,1
ajar,1
hadoop202,1
ida,1
setvalu,1
somewhat,1
subdir1,1
subdir2,1
somewher,1
orig,1
foobarcom1234,1
barfoocom4321,1
subject,1
ctx,1
ow,1
valuat,1
convent,1
chat,1
getutf8,1
rune,1
rowid,1
littl,1
nr,1
accumul,1
rowcount,1
neg2,1
jc,1
e0101,1
fut,1
kill1,1
pauseunpauseneg1,1
hook,1
russia,1
hcaturi3,1
summer,1
j5,1
j4,1
badblock,1
hope,1
sdatastamp20,1
closer,1
loader,1
coordrerun2,1
abdir1,1
dir3dir1,1
304,1
coordrerundate1,1
knode,1
datastor,1
interruptedexcept,1
abstract,1
ir1,1
coordschema2,1
20090904,1
lazi,1
20090102,1
20090905t0000z,1
us2009130,1
20090905,1
bytecount,1
404notfoundftlhtml,1
depsv3,1
var2val2,1
librari,1
conditon,1
accid,1
xerc,1
coordrerun3,1
reqevent3,1
lc3,1
lc2,1
tmpfile1,1
refcount,1
relev,1
cid2,1
cid1,1
reqevent1,1
reqevent2,1
lc1,1
cid3,1
5000m,1
500m,1
coordrerun4,1
remaind,1
cs1,1
cs2,1
png2,1
imageio,1
png,1
tmp1png,1
tmp2png,1
png1,1
w1,1
txn,1
ken5,1
ken4,1
ken3,1
ken2,1
necessari,1
oldest,1
xl,1
histori,1
newest,1
f8,1
f0,1
lognam,1
f7,1
mojo,1
wro,1
20120230,1
jan,1
20090201t1100z,1
feb,1
31,1
log4jappenderoozi,1
mm,1
daili,1
fo,1
dd,1
hh,1
orgapachelog4j,1
logoverwslog4j,1
s200901,1
coordrerunaction3xml,1
autoconfigur,1
artifact,1
javaxejbejbapi30,1
groovi,1
grape,1
ejbapi30,1
pig1,1
tk,1
cred,1
025,1
prop3,1
val3,1
sla1,1
sla2,1
stub,1
cvc,1
facet,1
987654321,1
hidden,1
log4,1
gb,1
mb,1
kb,1
concat,1
14px,1
font,1
modular,1
1618,1
head,1
webhdfsqfooc,1
getjar,1
overrun,1
dbb,1
dax,1
far,1
20990201t0100z,1
16k,1
inc,1
uncaught,1
oozielog2012042420gz,1
214313958,1
l19323,1
l21,1
l19,1
l21323,1
l22,1
sw2,1
januari,1
l23317,1
224313958,1
oozielog2012042419gz,1
l23,1
2012042419,1
oozielog2012042421gz,1
20120424,1
194313958,1
str2,1
l20323,1
204313958,1
224313961,1
l20,1
l22323,1
0123,1
012,1
tmp2,1
distcpaction01,1
tmp2datatxt,1
registri,1
jackson,1
jersey,1
httpservletrequest,1
42,1
baseurl,1
codec,1
libtest,1
mrclass,1
extid1,1
extid0,1
cccc,1
hole,1
20090312,1
20090226,1
20090326,1
endkey0,1
meta2,1
j12536257007611253625700,1
761,1
endkey1,1
fox,1
key0,1
1st,1
offlin,1
1253625700761,1
meta0,1
f12536257007611253625700,1
meta1,1
key1,1
srcdat2,1
110,1
pest,1
logout,1
shiro,1
cat1000db1table1ds200912,1
cat1000db3table3ds200905,1
cat1000db3table3ds200926,1
dummyhdfs200905,1
createempti,1
cat1000db1table1ds200929,1
tenant,1
emptier,1
trash,1
readonli,1
vol,1
stamp11,1
advanc,1
sdatastamp11,1
root2,1
dir1dir2,1
mkdirsmyfile1,1
dir1foo,1
mkdirsmyfile2,1
args1,1
sno,1
599999,1
599,1
digit,1
qdir21,1
nqdir0qdir30,1
nqdir0qdir1qdir20nqdir31,1
10a,1
nqdir0nqdir30nqdir33,1
quotadir2,1
nqdir31,1
nqdir0qdir1qdir20nqdir33,1
15,1
nqdir0qdir1qdir20qdir21,1
nqdir0qdir1qdir20qdir30,1
nqdir0nqdir30,1
quotadir3,1
nqdir0,1
insid,1
20121202,1
path1,1
20121212,1
k5,1
k4,1
oozielauncheroozi,1
2482,1
ticket,1
hdfs826,1
hdfs142,1
proper,1
autoflush,1
hdfs200,1
rule,1
import,1
diffus,1
getcmd1,1
getcmd2,1
libfil,1
readwrit,1
20100908t2359z,1
20090907t2359z,1
deep,1
leader,1
assertsam,1
sock,1
dna,1
ddr,1
protect,1
1011,1
2path,1
zip,1
conflict,1
deprec,1
foobarcom9000usrtucumywf,1
20090201t0100gmt,1
foobarcom8080oozi,1
00000ooziec,1
20090203t2359gmt,1
mram,1
mrm,1
till,1
unmanag,1
york,1
180,1
quiesc,1
zzz,1
nn0,1
stand,1
arraylist,1
nn1,1
preprocessor,1
cpu,1
preprocess,1
stamp13,1
lese,1
bufsiz,1
cli,1
fsn,1
autho,1
signatur,1
h11234,1
amnm1234,1
h21234,1
getcontain,1
000123c,1
000123w,1
mydir,1
servletexcept,1
foot,1
xt,1
problem,1
dequ,1
g4,1
third,1
mtime3,1
mtime2,1
adate3,1
mdate3,1
20130101t1000z,1
20130101t1014z,1
volv,1
ccc,1
abd,1
pump,1
rsh,1
exec57,1
appname1,1
foo04,1
legal,1
permis,1
nf,1
detach,1
hardlink,1
unlink,1
broke,1
5080mydbmytbl1dt20120101,1
relat,1
1domaincom5080mydbmytbl1,1
hcatserver2,1
mytbl1,1
mytbl2,1
hcatserver1domaincom5080,1
5080mydbmytbl2dt20120102,1
hcatserver1,1
hcatserver2domaincom5080,1
lib1,1
succ,1
workdir,1
1colo1,1
colo161616,1
com8020dbtablepk1val1,1
pk2val2,1
rusi,1
verm,1
lib6,1
templ,1
ride,1
08,1
danger,1
199,1
coordrerunneg4,1
unlik,1
goe,1
later,1
conserv,1
usag,1
whitelist,1
e0901,1
5330,1
readahead,1
ched,1
prefetch,1
coordrerunneg3,1
loadgenscript2,1
dg,1
outdir,1
structur,1
1x1,1
lg,1
ii,1
500,1
overflow,1
ring,1
tourist,1
lru,1
bottom,1
cant,1
dbtype,1
direct,1
pkey,1
executequeri,1
stmt,1
mdir2,1
dir1test2dat,1
dir2testnewdat,1
rerun1,1
improv,1
algorithm,1
shave,1
log2,1
http10,1
reactor,1
rnd,1
946,1
127,1
126,1
123127,1
124,1
678,1
uk,1
tupl,1
ghi,1
dao,1
ldap,1
lastmod,1
1txt,1
crash,1
want,1
guic,1
coordrerunneg2,1
alt,1
altnam,1
cours,1
surviv,1
set2,1
retain,1
shenanigan,1
set1,1
datetim,1
20090101t0100,1
20090201t0100,1
end20090203t2359,1
autodetect,1
testproxi,1
obtain,1
inact,1
edg,1
edge2,1
efgh,1
efg,1
azaz09,1
javaopt1,1
javaopt2,1
inner,1
1acl,1
getparamet,1
255,1
rwf,1
opcod,1
display,1
stale,1
tale,1
audio,1
44100,1
mp3,1
rate,1
rock,1
icecast,1
genr,1
ici,1
mpeg,1
1997,1
pragma,1
a2rrock,1
ice,1
bitrat,1
rider,1
wwwa2rradiocom,1
icybr128,1
descript,1
050000,1
26,1
icypub1,1
mon,1
shoutcast,1
233kh8,1
icymetaint16000,1
jul,1
111,1
222,1
gi,1
usergroup,1
gr1,1
suu,1
gr4,1
ugi1,1
gr3,1
ugi2,1
gr5,1
gr2,1
maxph1,1
odd,1
europ,1
london,1
libymaputily1jar,1
mulipl,1
libz,1
libymaputily2jar,1
webkit,1
navbar,1
f938ab,1
sass,1
moz,1
ir,1
testdb,1
v1queuedump,1
purgecoordwithwfchild1,1
think,1
wipe,1
turn,1
urlstr,1
20111201t0500,1
notic,1
spread,1
101,1
mach,1
player,1
prematur,1
ul,1
compil,1
printf,1
javascript,1
backlog,1
path3,1
nonrecurs,1
tl,1
reproduc,1
ssl,1
roidcom443,1
sslv3,1
b6754912,1
bandwidth,1
propog,1
1m,1
12m,1
key5,1
nanosecond,1
mdt,1
masterkey,1
renewer1,1
dtid1,1
rm1,1
everi,1
wfkillsuccess2,1
var1,1
var2,1
ltr,1
testenv,1
echo,1
accur,1
146,1
spill,1
38,1
shuffl,1
12345,1
ner,1
wt,1
2f1,1
2sub,1
20090908,1
20090909,1
20090909t2359z,1
2acl,1
wrn,1
35,1
mac,1
readseq,1
asynch,1
nonzero,1
pollut,1
latter,1
util2,1
conf2,1
util1,1
startx,1
getclassload,1
machin,1
6s,1
callid,1
xp,1
yp,1
likewis,1
108,1
brand,1
eye,1
realli,1
075ey,1
solut,1
105,1
104,1
hdfs11,1
coord11,1
coordjob7,1
20090601t0100z,1
coordjob14,1
20090301t0100z,1
coordjob12,1
coord12,1
coordjob9,1
coordjob6,1
20090501t0100z,1
20091201t0100z,1
20090101t0100z,1
coord6,1
20081101t0100z,1
20091101t0100z,1
coord14,1
coord7,1
20091001t0100z,1
20090801t0100z,1
coordjob10,1
20081201t0100z,1
coord9,1
coord8,1
20090401t0100z,1
coord13,1
coordjob11,1
20090701t0100z,1
coord10,1
coordjob13,1
coordjob8,1
tick,1
intent,1
cut,1
oozieshellargs0,1
oozieshellargs1,1
rmi,1
subclass,1
0643,1
0222,1
iv,1
itf,1
visitor,1
vf,1
tion,1
unless,1
whi,1
mstr,1
ct,1
l3323,1
care,1
l2323,1
l9323,1
l5323,1
l4323,1
diffkey2,1
diffkey1,1
diffkey3,1
kill2,1
middl,1
pad,1
0001000,1
libpath2,1
jobxmlpath1,1
libpath1,1
threw,1
nseekfile0,1
bug,1
coordid2,1
supergroup,1
soft,1
0203,1
neg1,1
coordrerun1,1
bout,1
integr,1
300css,1
bootstrap,1
inf,1
coordinput200912141100,1
dir0,1
16d,1
useradmin,1
clone,1
16c,1
17,1
1g,1
14a,1
18,1
1000000,1
hadoop5872,1
len2,1
16b,1
14b,1
quota2,1
clr,1
9s,1
maxvalu,1
16a,1
1t,1
33aa15,1
administr,1
args2,1
15a,1
16e,1
args3,1
2t,1
15b,1
ancestor,1
dirnam,1
worldwid,1
fam2,1
fam1,1
heap,1
fam3,1
fam4,1
075f,1
behavior,1
func,1
spdi,1
job2011113009330004,1
job2011113009330005,1
37,1
090,1
job2statusresmap,1
job1statusresmap,1
1410,1
0202,1
500kb,1
cfgejb3,1
oh,1
hibern,1
asynchron,1
reloc,1
kw,1
zookeep,1
ri,1
jdkjavanetmsg01768html,1
netdev,1
illegalstateexcept,1
spec,1
cde,1
depsv1,1
ba1,1
subwfactiona1,1
subwfjoba1,1
subwfactiona2,1
subwfjoba2,1
jsf,1
getelementbyid,1
div,1
render,1
xsd,1
conn1,1
conn2,1
t3,1
redistribut,1
conn3,1
454,1
swf,1
0000000000000,1
ctxt,1
coordrerundate3,1
aef,1
acd,1
bcb,1
bcd,1
ef,1
d3,1
efd,1
copy2nd,1
getstacktrac,1
f1crc,1
f2crc,1
word,1
tg,1
tgt,1
krb,1
bat,1
20091217t0100z,1
coordrerundate4,1
redo,1
oozie1385,1
jae,1
toy,1
python,1
org100,1
asf,1
hdfsuser10,1
project,1
mammal,1
rep,1
cursor,1
oak,1
approxim,1
commitinfo,1
jcr,1
cost,1
mount,1
nodetyp,1
jobid0,1
dfsclosefile1,1
dfsclosefile0,1
auto,1
ggl,1
kafka,1
freeport,1
eof,1
ceiver,1
wide,1
prolog,1
appname2,1
app2,1
snd,1
21,1
badd,1
healthi,1
hostport,1
movement,1
h06,1
onset,1
iae,1
kill3,1
preserv,1
lost,1
ec,1
em,1
hauri,1
hann,1
misconfigur,1
mocknn1,1
mocknn2,1
bpo,1
quota1,1
2mb,1
1mb,1
3mb,1
dt09,1
wfloop1,1
wfloop2,1
pk,1
coordrerundate2,1
basedir,1
b4361656,1
ww,1
20160102t0045z,1
20150102t0042z,1
20141001t2345z,1
20150101t2345z,1
20141230t0045z,1
20150102t0145z,1
1095,1
20150102t0401z,1
1578240,1
20150202t0045z,1
20150102t0044z,1
20150101t2145z,1
1576800,1
525600,1
20120102t0045z,1
20141202t0045z,1
43825,1
20140102t0045z,1
20100102t0001z,1
20100909t2359z,1
36,1
20091009t2359z,1
20150102t0046z,1
365,1
26304,1
20150102t0045z,1
20120102t0001z,1
26280,1
20150102t0001z,1
8760,1
1096,1
20150103t0045z,1
20150101t0045z,1
20140102t0001z,1
20160102t0001z,1
20150101t2001z,1
dex,1
ub1,1
ub1snapshots1file1,1
1file1,1
obsolet,1
phase,1
relaunch,1
task3,1
stamp20120230,1
frca,1
categori,1
predict,1
tempdir,1
maxdepth,1
forest,1
impur,1
oce,1
dirfile2,1
ps,1
20091215t0100z20091216t0,1
100z20091217t0100z,1
hflush03,1
ts1,1
ts2,1
3dat,1
spite,1
disappear,1
nonc,1
id11140,1
digest,1
17f40e41,1
5ccc069c403ebaf9f0171e95,1
comp,1
dcd98b7102dd2f0e8b11d0f6,1
00bfb0c093,1
qop,1
opaqu,1
exce,1
maximum,1
charat,1
rb,1
gaug,1
tran,1
revert,1
weak,1
weakref,1
ub1file1,1
getlocalnam,1
ssi,1
s4,1
s3,1
3file1,1
b0,1
javavm,1
stargat,1
packag,1
vendor,1
osvers,1
blob2,1
s1ext,1
spent,1
xci,1
mum,1
relax,1
ever,1
win,1
busi,1
bloc,1
guarante,1
pseudo,1
distanc,1
olog,1
reread,1
quick,1
bin,1
bean4,1
bean3,1
wfid2,1
toggl,1
ctxt2,1
80,1
conninfo1,1
ctxt1,1
a1a2,1
b1b2b3txt,1
c1c2txt,1
perm,1
022,1
a1a2a3,1
b1b2,1
20090908t0000z,1
20090908t0100z,1
regardless,1
distinguish,1
ghc,1
dne,1
lenient,1
invert,1
50th,1
50t,1
0xbad5c09,1
badli,1
complic,1
robot,1
c3po,1
forward,1
clientid,1
ts,1
eventid,1
et,1
pci,1
es,1
wae,1
cje,1
wf1,1
wa1,1
cj1,1
20120722t0100z,1
bj1,1
coordappname1,1
ca1,1
myvar1myval1,1
pl,1
perl,1
delimit,1
textutil,1
tmpfile,1
nn18020,1
anymor,1
deal,1
kick,1
cont,1
resp,1
1270011234,1
explicitli,1
jo,1
ooziesite1xml,1
en,1
captor,1
wake,1
rmv,1
dirsiz,1
born,1
3600,1
hflush02,1
coordjoba1,1
coordjoba2,1
ht,1
cron3,1
builddata,1
furi,1
l3317,1
l4317,1
convers,1
nodashlog4j,1
l1317,1
e0730,1
dog,1
exec60,1
gradual,1
multipli,1
watchdog,1
newid,1
birthdat,1
dynkeyspace3,1
getclassnam,1
columnindex,1
setkey,1
cf,1
12700150300,1
kdc,1
8032,1
50300,1
dispos,1
collector,1
garbag,1
fb,1
cfb,1
equalsignorecas,1
nc,1
unreli,1
impl2,1
impl1,1
quickli,1
20121220t0500,1
20121220t0500z,1
2ac,1
b200,1
20090201t0103z,1
e1015,1
20090201t0108z,1
19001220t0500z,1
oggz,1
fw2,1
sw1,1
l11,1
sb2,1
equival,1
str1,1
l10,1
l7,1
l9,1
l12323,1
l9317,1
ago,1
ziel,1
formatt,1
ferr,1
errlog,1
oozielog2,1
oozielog2011120315bz2gz,1
l11317,1
fw3,1
l8,1
oozielog1,1
floor,1
sb3,1
l13317,1
foo12345,1
lib5,1
foo1,1
reconstruct,1
elig,1
fs006,1
lib2,1
virtual,1
consumpt,1
queue11,1
node1,1
fair,1
t11,1
t12,1
t31,1
010,1
t00,1
less,1
1110,1
qf,1
signific,1
mauri,1
vel,1
ut,1
standard,1
malesuada,1
iso88591,1
barcod,1
magna,1
aztec,1
iso885915,1
libaso1,1
liba,1
so1path,1
aso1,1
lq,1
libjava,1
appso1path,1
dt01,1
db1table1year2013,1
uri2,1
db1table1year2012,1
uri1,1
2013,1
treat,1
stick,1
interdata,1
happen,1
lt,1
foo9000userbar,1
8080oozi,1
uniq,1
fileid,1
overriden,1
nometahbase2428,1
hbase2428,1
came,1
slop,1
receipt,1
carri,1
figur,1
extend,1
fs011,1
ceil,1
larg,1
e0902,1
obvious,1
bar1234blah,1
1270019000,1
transpar,1
gzipfor304,1
remoteexcept,1
chunk,1
035,1
t40,1
t35,1
hsf,1
1234567890,1
nrm,1
chanc,1
ive2,1
coordrerunneg1,1
avoid,1
planet,1
lib3,1
writestr,1
teststr,1
utf,1
exit0submitok,1
spam2,1
spam1,1
prettifyprettifycss,1
20090220t2359z,1
lib4,1
testun,1
rerun2,1
wwwgooglecom,1
rejoin,1
excess,1
task1,1
high,1
nobodi,1
testfil,1
4th,1
rebalanc,1
criteria,1
besid,1
obey,1
shouldnt,1
impact,1
affect,1
retent,1
app2dir,1
suffix,1
app2log1,1
2000sec,1
svc,1
50sec,1
app1dir,1
rootf,1
1800,1
app1log1,1
2000,1
fddi,1
1111,1
fd,1
junk,1
nowher,1
val1,1
val2,1
456,1
effect,1
switch,1
tod,1
wfdeletecmd1,1
much,1
dictionari,1
fruit,1
9x,1
yellow,1
segment,1
nnrp,1
stay,1
bn,1
spend,1
deliv,1
c12,1
20090202t0000z,1
9001tmpbundleapp,1
bloom,1
hash,1
bf1,1
deseri,1
exclus,1
1234c,1
repetit,1
1234w,1
0000001,1
i18nd,1
i18nen,1
i18ntk,1
texten,1
chmod3x,1
reload,1
job1xml,1
v4,1
v3a,1
v1a,1
v2,1
v1b,1
v3b,1
p3,1
p4,1
3acl,1
orgblahmyclass1,1
orgblahmyclass2,1
pauseunpause3,1
192kb,1
58,1
59,1
afult,1
account,1
1024,1
almost,1
hae,1
1234blah,1
brca,1
ambar,1
fsm,1
h2,1
tt,1
slave,1
h4,1
hostinfo,1
licens,1
20110401t0100z,1
lot,1
relationship,1
ye,1
20110601t0100z,1
20110701t0100z,1
joba,1
20110201t0100z,1
fgetc,1
20110301t0100z,1
jobe,1
20110501t0100z,1
md,1
remind,1
wfkillsuccess1,1
rowone0,1
fsa,1
ref2,1
talk,1
laschema1,1
slaxml1,1
parameter,1
srcdir,1
classifi,1
loss,1
status,1
flip,1
sch,1
wfchild1,1
mission,1
recommiss,1
commiss,1
reco,1
imposs,1
topolog,1
bbc,1
mutat,1
cx,1
2rowssamepartitioncql,1
ooziesite2xml,1
20090529t0000z,1
20090309t0900z,1
20090101t0801z,1
20091103t0900z,1
20090101t700z,1
20090526t2300z,1
20090604t0000z,1
20090308t1045z,1
20090307t0700z,1
20090302t0800z,1
20090531t0000z,1
20090310t0700z,1
20090311t0700z,1
20090101t1800z,1
20090521t0000z,1
20090307t1000z,1
eom,1
20090301t0800z,1
20090528t0000z,1
20090131t0800z,1
20090202t0800z,1
20090307t0900z,1
20090507t0000z,1
20090201t0800z,1
20090601t0700z,1
20091102t0900z,1
20090310t0900z,1
20090401t0700z,1
20090530t0030z,1
20090530t1200z,1
20090530t0045z,1
20090301t0000z,1
20090527t0000z,1
20090307t0800z,1
20091031t0800z,1
20090312t0700z,1
20090528t2300z,1
20090102t0900z,1
20090101t0701z,1
winter,1
20090530t0000z,1
20090529t2300z,1
20090530t0100z,1
20090102t0800z,1
20091030t0800z,1
20090530t2300z,1
20090309t0700z,1
20090108t0000z,1
20090308t0900z,1
20090310t0801z,1
20090308t0700z,1
question,1
6j2,1
56,1
5j2,1
jj2,1
j2end,1
234,1
ant,1
existen,1
reason,1
tester,1
nxist,1
mv,1
wfactiona1,1
wfjoba1,1
wfactiona2,1
wfjoba2,1
v3,1
hhmmss,1
expr1,1
20090908235900,1
expr3,1
2009,1
expr2,1
expr3ev,1
flash,1
placehold,1
20090911,1
20090911t2359z,1
fl,1
hfl,1
multithread,1
uniniti,1
dec3,1
nov,1
jobid3,1
jobid5,1
00003,1
00005,1
00004,1
jobid4,1
settimeout,1
minph1,1
breadcrumb,1
place,1
fenc,1
wfupdatecmd2,1
wfbean1,1
wfbean2,1
goofi,1
thing,1
roundup,1
hcattopic1,1
5080mydbmytbldt20120101,1
com5080mydbmytbl,1
5080mydbmytbldt20120102,1
tmpfoo1,1
tmpfoo2,1
around,1
daylight,1
pdt,1
minim,1
webui,1
frontpag,1
nosuchelementexcept,1
hcd,1
crazi,1
hbase2515,1
jar5jar,1
jar5path,1
jar4jar,1
jar4path,1
discard,1
80443,1
googlecom,1
delici,1
maxag,1
transfer,1
lb,1
lf,1
out1,1
out3,1
out2,1
strang,1
zone,1
vie,1
323,1
xf2,1
xf1,1
ter,1
quotadir2053c,1
irfile2,1
irfile1,1
quotadir2053a,1
quotadir21,1
unchang,1
quotadir2053,1
2len,1
nqdir32filedir,1
quotadir20,1
filespac,1
hdfs2053,1
quotadir2053b,1
nqdir33file2,1
intermedi,1
dnp,1
0000,1
told,1
reconfigur,1
vv,1
kk,1
zz,1
cee,1
pr,1
